filename,old_label,new_label
R_1257.jpg,0,2
R_2451.jpg,0,2
R_2478.jpg,0,2
R_2585.jpg,0,2
R_2623.jpg,0,2
R_2676.jpg,0,2
R_2761.jpg,0,2
R_302.jpg,0,2
R_386.jpg,0,2
R_387.jpg,0,2
R_393.jpg,0,2
R_4528.jpg,0,2
R_4583.jpg,0,2
R_4602.jpg,0,2
R_4638.jpg,0,2
R_4708.jpg,0,2
R_4730.jpg,0,2
R_4869.jpg,0,2
R_4914.jpg,0,2
R_5044.jpg,0,2
R_5087.jpg,0,2
R_5095.jpg,0,2
R_5248.jpg,0,2
R_5299.jpg,0,2
R_5319.jpg,0,2
R_533.jpg,0,2
R_5340.jpg,0,2
R_5414.jpg,0,2
R_548.jpg,0,2
R_5569.jpg,0,2
R_5582.jpg,0,2
R_561.jpg,0,2
R_5631.jpg,0,2
R_566.jpg,0,2
R_5682.jpg,0,2
R_5704.jpg,0,2
R_6041.jpg,0,2
R_621.jpg,0,2
R_631.jpg,0,2
R_658.jpg,0,2
R_678.jpg,0,2
R_6935.jpg,0,2
R_697.jpg,0,2
R_6995.jpg,0,2
R_7132.jpg,0,2
R_7136.jpg,0,2
R_7141.jpg,0,2
R_7156.jpg,0,2
R_7170.jpg,0,2
R_7205.jpg,0,2
R_7225.jpg,0,2
R_7226.jpg,0,2
R_725.jpg,0,2
R_8220.jpg,0,2
R_8257.jpg,0,2
R_8295.jpg,0,1
R_8326.jpg,0,2
R_8327.jpg,0,2
R_839.jpg,0,2
R_8417.jpg,0,2
R_8580.jpg,0,2
R_9537.jpg,0,2
R_9775.jpg,0,2
R_9817.jpg,0,2
R_9828.jpg,0,2
R_9957.jpg,0,2
O_10083.jpg,2,0
O_10301.jpg,2,0
O_10704.jpg,2,0
O_11191.jpg,2,0
O_11423.jpg,2,0
O_126.jpg,2,0
O_1275.jpg,2,0
O_1276.jpg,2,0
O_152.jpg,2,0
O_1564.jpg,2,0
O_1627.jpg,2,0
O_1652.jpg,2,0
O_1678.jpg,2,0
O_1704.jpg,2,0
O_1725.jpg,2,0
O_1730.jpg,2,0
O_1864.jpg,2,0
O_1892.jpg,2,0
O_1909.jpg,2,0
O_1940.jpg,2,0
O_1959.jpg,2,0
O_1978.jpg,2,0
O_2734.jpg,2,0
O_3117.jpg,2,0
O_322.jpg,2,0
O_345.jpg,2,0
O_396.jpg,2,0
O_4055.jpg,2,0
O_457.jpg,2,0
O_476.jpg,2,0
O_4764.jpg,2,0
O_5056.jpg,2,0
O_507.jpg,2,0
O_516.jpg,2,0
O_5347.jpg,2,0
O_5700.jpg,2,0
O_5890.jpg,2,0
O_6229.jpg,2,0
O_6351.jpg,2,0
O_6862.jpg,2,0
O_7293.jpg,2,0
O_7672.jpg,2,0
O_7709.jpg,2,0
O_7776.jpg,2,1
O_7910.jpg,2,1
O_7935.jpg,2,0
O_8560.jpg,2,0
O_8563.jpg,2,0
O_8564.jpg,2,0
O_8565.jpg,2,0
O_8566.jpg,2,0
O_8567.jpg,2,0
O_8569.jpg,2,0
O_8570.jpg,2,0
O_8571.jpg,2,0
O_8573.jpg,2,0
O_8574.jpg,2,0
O_8575.jpg,2,0
O_8577.jpg,2,0
O_8578.jpg,2,0
O_8580.jpg,2,0
O_8582.jpg,2,0
O_8584.jpg,2,0
O_8585.jpg,2,0
O_8587.jpg,2,0
O_8588.jpg,2,0
O_8589.jpg,2,0
O_8590.jpg,2,0
O_8591.jpg,2,0
O_8593.jpg,2,0
O_8595.jpg,2,0
O_8598.jpg,2,0
O_8601.jpg,2,0
O_8602.jpg,2,0
O_8603.jpg,2,0
O_8605.jpg,2,0
O_8606.jpg,2,0
O_8607.jpg,2,0
O_8608.jpg,2,0
O_8609.jpg,2,0
O_8610.jpg,2,0
O_8612.jpg,2,0
O_8614.jpg,2,0
O_8615.jpg,2,0
O_8616.jpg,2,0
O_8617.jpg,2,0
O_8618.jpg,2,0
O_8619.jpg,2,0
O_8620.jpg,2,0
O_8625.jpg,2,0
O_8626.jpg,2,0
O_8627.jpg,2,0
O_8628.jpg,2,0
O_8629.jpg,2,0
O_8630.jpg,2,0
O_8633.jpg,2,0
O_8634.jpg,2,0
O_8636.jpg,2,0
O_8639.jpg,2,0
O_8640.jpg,2,0
O_8641.jpg,2,0
O_8643.jpg,2,0
O_8646.jpg,2,0
O_8647.jpg,2,0
O_8649.jpg,2,0
O_8650.jpg,2,0
O_8651.jpg,2,0
O_8652.jpg,2,0
O_8653.jpg,2,0
O_8655.jpg,2,0
O_8656.jpg,2,0
O_8658.jpg,2,0
O_8659.jpg,2,0
O_8661.jpg,2,0
O_8662.jpg,2,0
O_8663.jpg,2,0
O_8664.jpg,2,0
O_8665.jpg,2,0
O_8667.jpg,2,0
O_8669.jpg,2,0
O_8670.jpg,2,0
O_8671.jpg,2,0
O_8673.jpg,2,0
O_8674.jpg,2,0
O_8675.jpg,2,0
O_8676.jpg,2,0
O_8677.jpg,2,0
O_8678.jpg,2,0
O_8679.jpg,2,0
O_8681.jpg,2,0
O_8684.jpg,2,0
O_8685.jpg,2,0
O_8686.jpg,2,0
O_8691.jpg,2,0
O_8692.jpg,2,0
O_8693.jpg,2,0
O_8695.jpg,2,0
O_8696.jpg,2,0
O_8697.jpg,2,0
O_8699.jpg,2,0
O_8700.jpg,2,0
O_8701.jpg,2,0
O_8702.jpg,2,0
O_8703.jpg,2,0
O_8705.jpg,2,0
O_8706.jpg,2,0
O_8707.jpg,2,0
O_8708.jpg,2,0
O_8709.jpg,2,0
O_8712.jpg,2,0
O_8714.jpg,2,0
O_8715.jpg,2,0
O_8717.jpg,2,0
O_8718.jpg,2,0
O_8719.jpg,2,0
O_8721.jpg,2,0
O_8724.jpg,2,0
O_8727.jpg,2,0
O_8728.jpg,2,0
O_8729.jpg,2,0
O_8730.jpg,2,0
O_8731.jpg,2,0
O_8732.jpg,2,0
O_8734.jpg,2,0
O_8735.jpg,2,0
O_8740.jpg,2,0
O_8741.jpg,2,0
O_8742.jpg,2,0
O_8743.jpg,2,0
O_8746.jpg,2,0
O_8747.jpg,2,0
O_8749.jpg,2,0
O_8750.jpg,2,0
O_8751.jpg,2,0
O_8752.jpg,2,0
O_8753.jpg,2,0
O_8755.jpg,2,0
O_8756.jpg,2,0
O_8758.jpg,2,0
O_8759.jpg,2,0
O_8760.jpg,2,0
O_8761.jpg,2,0
O_8763.jpg,2,0
O_8764.jpg,2,0
O_8765.jpg,2,0
O_8766.jpg,2,0
O_8767.jpg,2,0
O_8768.jpg,2,0
O_8770.jpg,2,0
O_8772.jpg,2,0
O_8774.jpg,2,0
O_8775.jpg,2,0
O_8776.jpg,2,0
O_8777.jpg,2,0
O_8779.jpg,2,0
O_8780.jpg,2,0
O_8782.jpg,2,0
O_8783.jpg,2,0
O_8784.jpg,2,0
O_8785.jpg,2,0
O_8786.jpg,2,0
O_8787.jpg,2,0
O_8789.jpg,2,0
O_8790.jpg,2,0
O_8791.jpg,2,0
O_8792.jpg,2,0
O_8793.jpg,2,0
O_8794.jpg,2,0
O_8795.jpg,2,0
O_8796.jpg,2,0
O_8797.jpg,2,0
O_8798.jpg,2,0
O_8799.jpg,2,0
O_8800.jpg,2,0
O_8801.jpg,2,0
O_8802.jpg,2,0
O_8803.jpg,2,0
O_8804.jpg,2,0
O_8805.jpg,2,0
O_8806.jpg,2,0
O_8807.jpg,2,0
O_8808.jpg,2,0
O_8809.jpg,2,0
O_8810.jpg,2,0
O_8812.jpg,2,0
O_8814.jpg,2,0
O_8815.jpg,2,0
O_8817.jpg,2,0
O_8818.jpg,2,0
O_8819.jpg,2,0
O_8820.jpg,2,0
O_8821.jpg,2,0
O_8824.jpg,2,0
O_8825.jpg,2,0
O_8826.jpg,2,0
O_8827.jpg,2,0
O_8828.jpg,2,0
O_8830.jpg,2,0
O_8831.jpg,2,0
O_8832.jpg,2,0
O_8833.jpg,2,0
O_8834.jpg,2,0
O_8836.jpg,2,0
O_8839.jpg,2,0
O_8840.jpg,2,0
O_8841.jpg,2,0
O_8842.jpg,2,0
O_8843.jpg,2,0
O_8845.jpg,2,0
O_8846.jpg,2,0
O_8847.jpg,2,0
O_8848.jpg,2,0
O_8849.jpg,2,0
O_8852.jpg,2,0
O_8853.jpg,2,0
O_8855.jpg,2,0
O_8856.jpg,2,0
O_8857.jpg,2,0
O_8859.jpg,2,0
O_8861.jpg,2,0
O_8862.jpg,2,0
O_8863.jpg,2,0
O_8864.jpg,2,0
O_8865.jpg,2,0
O_8866.jpg,2,0
O_8867.jpg,2,0
O_8868.jpg,2,0
O_8869.jpg,2,0
O_8872.jpg,2,0
O_8873.jpg,2,0
O_8874.jpg,2,0
O_8875.jpg,2,0
O_8876.jpg,2,0
O_8877.jpg,2,0
O_8878.jpg,2,0
O_8879.jpg,2,0
O_8880.jpg,2,0
O_8882.jpg,2,0
O_8883.jpg,2,0
O_8891.jpg,2,0
O_8895.jpg,2,0
O_8896.jpg,2,0
O_8897.jpg,2,0
O_8899.jpg,2,0
O_8900.jpg,2,0
O_8901.jpg,2,0
O_8902.jpg,2,0
O_8904.jpg,2,0
O_8906.jpg,2,0
O_8907.jpg,2,0
O_8908.jpg,2,0
O_8909.jpg,2,0
O_8910.jpg,2,0
O_8911.jpg,2,0
O_8912.jpg,2,0
O_8913.jpg,2,0
O_8914.jpg,2,0
O_8915.jpg,2,0
O_8916.jpg,2,0
O_8917.jpg,2,0
O_8918.jpg,2,0
O_8919.jpg,2,0
O_8920.jpg,2,0
O_8921.jpg,2,0
O_8922.jpg,2,0
O_8923.jpg,2,0
O_8924.jpg,2,0
O_8925.jpg,2,0
O_8926.jpg,2,0
O_8927.jpg,2,0
O_8929.jpg,2,0
O_8930.jpg,2,0
O_8935.jpg,2,0
O_8938.jpg,2,0
O_8947.jpg,2,0
O_8948.jpg,2,0
O_8952.jpg,2,0
O_8961.jpg,2,0
O_8963.jpg,2,0
O_8965.jpg,2,0
O_8966.jpg,2,0
O_8971.jpg,2,0
O_8972.jpg,2,0
O_8975.jpg,2,0
O_8976.jpg,2,0
O_8981.jpg,2,0
O_8984.jpg,2,0
O_8988.jpg,2,0
O_8991.jpg,2,0
O_8992.jpg,2,0
O_8995.jpg,2,0
O_8996.jpg,2,0
O_8998.jpg,2,0
O_9000.jpg,2,0
O_9002.jpg,2,0
O_9004.jpg,2,0
O_9005.jpg,2,0
O_9006.jpg,2,0
O_9013.jpg,2,0
O_9014.jpg,2,0
O_9015.jpg,2,0
O_9016.jpg,2,0
O_9018.jpg,2,0
O_9020.jpg,2,0
O_9022.jpg,2,0
O_9023.jpg,2,0
O_9025.jpg,2,0
O_9027.jpg,2,0
O_9028.jpg,2,0
O_9029.jpg,2,0
O_9031.jpg,2,0
O_9032.jpg,2,0
O_9034.jpg,2,0
O_9035.jpg,2,0
O_9037.jpg,2,0
O_9039.jpg,2,0
O_9041.jpg,2,0
O_9042.jpg,2,0
O_9047.jpg,2,0
O_9049.jpg,2,0
O_9050.jpg,2,0
O_9055.jpg,2,0
O_9056.jpg,2,0
O_9057.jpg,2,0
O_9058.jpg,2,0
O_9059.jpg,2,0
O_9062.jpg,2,0
O_9063.jpg,2,0
O_9065.jpg,2,0
O_9067.jpg,2,0
O_9071.jpg,2,0
O_9074.jpg,2,0
O_9076.jpg,2,0
O_9077.jpg,2,0
O_9080.jpg,2,0
O_9081.jpg,2,0
O_9083.jpg,2,0
O_9085.jpg,2,0
O_9086.jpg,2,0
O_9092.jpg,2,0
O_9093.jpg,2,0
O_9099.jpg,2,0
O_9101.jpg,2,0
O_9102.jpg,2,0
O_9106.jpg,2,0
O_9107.jpg,2,0
O_9108.jpg,2,0
O_9110.jpg,2,0
O_9114.jpg,2,0
O_9118.jpg,2,0
O_9119.jpg,2,0
O_9123.jpg,2,0
O_9125.jpg,2,0
O_9126.jpg,2,0
O_9129.jpg,2,0
O_9130.jpg,2,0
O_9132.jpg,2,0
O_9133.jpg,2,0
O_9135.jpg,2,0
O_9137.jpg,2,0
O_9147.jpg,2,0
O_9149.jpg,2,0
O_9150.jpg,2,0
O_9151.jpg,2,0
O_9154.jpg,2,0
O_9158.jpg,2,0
O_9159.jpg,2,0
O_9163.jpg,2,0
O_9168.jpg,2,0
O_9170.jpg,2,0
O_9175.jpg,2,0
O_9177.jpg,2,0
O_9178.jpg,2,0
O_9179.jpg,2,0
O_9180.jpg,2,0
O_9184.jpg,2,0
O_9187.jpg,2,0
O_9188.jpg,2,0
O_9191.jpg,2,0
O_9193.jpg,2,0
O_9195.jpg,2,0
O_9199.jpg,2,0
O_9200.jpg,2,0
O_9201.jpg,2,0
O_9202.jpg,2,0
O_9203.jpg,2,0
O_9204.jpg,2,0
O_9206.jpg,2,0
O_9208.jpg,2,0
O_9212.jpg,2,0
O_9213.jpg,2,0
O_9214.jpg,2,0
O_9221.jpg,2,0
O_9222.jpg,2,0
O_9223.jpg,2,0
O_9224.jpg,2,0
O_9225.jpg,2,0
O_9230.jpg,2,0
O_9232.jpg,2,0
O_9233.jpg,2,0
O_9234.jpg,2,0
O_9235.jpg,2,0
O_9236.jpg,2,0
O_9237.jpg,2,0
O_9238.jpg,2,0
O_9242.jpg,2,0
O_9243.jpg,2,0
O_9919.jpg,2,0
